Bandeja,codigo ,ubicación ,proveedor externo
BANDEJA DE DISTRACTOR FEMORAL  Y TIBIAL (PALMSA),1175,,PALMSA
BANDEJA DE EXTRACCION DE CLAVOS (PALMSA),2247,,PALMSA
BANDEJA DE INSTRUMENTAL DE MANO ACV (PALMSA),2058,,PALMSA
BANDEJA DE MICRO SIERRA (PALMSA),2116,,PALMSA
BANDEJA DE ORTOPEDIA MICROCIRUGIA (PALMSA),2115,,PALMSA
BANDEJA DE PIE Y TOBILLO (PALMSA),1149,,PALMSA
BANDEJA DE PINZA ARTROSCOPIA (PALMSA),2473,,PALMSA
BANDEJA DE PINZAS DE REDUCCION COLLINEAR (PALMSA),1559,,PALMSA
BANDEJA DE PINZAS DE REDUCCION DE FRACTURAS PERIARTICULARES (PALMSA),1056,,PALMSA
BANDEJA DE REDUCCION DE FRACTURA DE ACETABULO Y PELVIS (PALMSA),1057,,PALMSA
BANDEJA DE REDUCCION DE TIBIA DPK (PALMSA),2489,,PALMSA
BANDEJA DE RETIRO DE MATERIAL OSTEOSINTESIS PALMSA,2283,,PALMSA
BANDEJA DE RETRACTOR TIBIAL (PALMSA),1147,,PALMSA
BANDEJA DE SEPARADORES Y RETRACTORES ESPECIFICOS PARA CIRUGIA DE PIE Y TOBILLO(PALMSA),2044,,PALMSA
BANDEJA DE SISTEMA PARA OBTENCION DE INJERTOS OSEOS MG (PALMSA),2488,,PALMSA
BANDEJA DE PINZAS DE REDUCCION DE CLAVICULA,2477,,PALMSA
BANDEJA LIGAMENTO CRUZADO T-035 (PALMSA),2492,,PALMSA
 	BANDEJA DE TRAUMA ACETABULO PELVIS ,264903,,PALMSA
EQUIPO OSADA -MICRO DRILL HUESO (PALMSA),276823,,PALMSA
BANDEJA DE ARTROSCOPIA DE CADERA (PTY),1912,,PTY
BANDEJA DE CLAVO DE TIBIA (PTY),2254,,PTY
BANDEJA DE CLAVOS ANTERGRADOS PTY,2095,,PTY
BANDEJA DE ESPACIADORES DE RODILLA (PTY),2313,,PTY
BANDEJA DE FIJADOR DE MUÑECA (PTY),2446,,PTY
BANDEJA DE HOMBRO (PTY),91,,PTY
BANDEJA DE HÚMERO PROXIMAL (PTY),1947,,PTY
BANDEJA DE MENISCO (PTY),137,,PTY
BANDEJA DE MINIFRAGMENTOS (PTY&AK),2305,,PTY
BANDEJA DE OSTEOTOMOS FINOS  (PTY),2314,,PTY
BANDEJA DE PARCUS ACL (PTY),980,,PTY
BANDEJA DE PERONE DISTAL (PTY FOOT),2312,,PTY
BANDEJA DE PINZAS DE REDUCCIÓN # 002108 (PTY),2091,,PTY
BANDEJA DE PLACAS DE PERONE (PTY FOOT),2382,,PTY
BANDEJA DE PLACAS DE RADIO DISTAL (PTYMG),2383,,PTY
BANDEJA DE PREPARACION DE LIGAMENTO CRUZADO (S.D. / PTY),1879,,PTY
BANDEJA DE PROTESIS DE CADERA MEDACTA (PTY),1916,,PTY
BANDEJA DE PROTESIS DE HOMBRO (PTY),2298,,PTY
BANDEJA DE PUNZONES (PTY),2293,,PTY
BANDEJA DE PUNZONES (PTY),2334,,PTY
BANDEJA DE RADIO PTY,1966,,PTY
BANDEJA DE REEMPLAZO DE RODILLA (PTY),2023,,PTY
 	BANDEJA DE REEMPLAZO DE RODILLA/CADERA,283829,,PTY
BANDEJA DE REPARACION MENISCAL (PTY),1518,,PTY
BANDEJA DE SEPARADORES DE TOBILLO (PTY),2459,,PTY
BANDEJA DE SET DE EXTRACCION (PTY),2435,,PTY
BANDEJA DE TORNILLOS CANULADOS PTY/AK,2326,,PTY
BANDEJA DE TORNILLOS DE IMPLANTES TAL VILEX PTY,2265,,PTY
BANDEJA DE TORNILLOS VILEX (PTY FK),2419,,PTY
BANDEJA LIGAMENTO CRUZADO (PTY),1906,,PTY
BANDEJA METATARSIANO PIE/TOBILLO (PTY/PTYFK),1910,,PTY
BANDEJA MINDRAY PTY-AK,2329,,PTY
BANDEJA MINI DE INSTRUMENTO (PTY),2440,,PTY
BANDEJA MINI LOCKING (PTY),2438,,PTY
BANDEJA PARA COLOCACION DE PLACAS Y TORNILLOS PTY/FAK,2341,,PTY
BANDEJA PARA SISTEMA CLAVOS GALILEO (PTY),1978,,PTY
BANDEJA PINZA ARTROSCOPIA DE RODILLA / HOMBRO (PTY),1148,,PTY
BANDEJA PLACA DE GANCHO DE PIE (PTY),1964,,PTY
BANDEJA SEPARADORES DE HOMBRO (PTY),1888,,PTY
BANDEJA SUMINISTROS ORTOPEDICOSALL DE INSTRUMENTO (PTY),2439,,PTY
BANDEJA 2.0MM / 2.4MM ,289988,,PTY
BANDEJA TRILLIANT  (PTY),1177,,PTY
 	BANDEJA DE PLATA DE GANCHO DE PIE,281078,,PTY
 	BANDEJA DE SISTEMA SPECTRUM DE HOMBRO,289829,,PTY
 	BANDEJA MINI PASADOR DE SUTURA,292800,,PTY
BANDEJA PARA SISTEMA GALILEO/HUMERO,284284,,PTY
DRILL ORTOPEDICO DYNAMEDIC (PTY),264812,,PTY
DRILL STRAYKER (PTY),291254,,PTY
BANDEJA DE INSTRUMENTOS Y PINZAS PARA GRANDES ARTICULACIONES # 1003,2034/284105  ,,ORTOSISTEMAS
BANDEJAS DE PINZAS PARA ARTROSCOPIA ,2437,,ORTOSISTEMAS
BANDEJA DE CADERA,294224  ,,ORTOSISTEMAS
BANDEJA DE CONDRAL PICK PARA ARTROSCOPIA (ORT)   ,278705  ,,ORTOSISTEMAS
BANDEJA DE CONTRACT PICK (ORT) # ODC-ART,277241,,ORTOSISTEMAS
BANDEJA DE INSTRUMENTOS BASICOS CERVICALES (ORT)  ,267037,,ORTOSISTEMAS
BANDEJA DE PEQUEÑAS ARTICULACIONES (ORTS),264771,,ORTOSISTEMAS
BANDEJA DE PIE Y TOBILLO,288434   ,,ORTOSISTEMAS
BANDEJA DE PINZAS E INTRUMENTAL PARA PEQUEÑAS ARTICULACIONES,264772,,ORTOSISTEMAS
DRILL PARA ORTOPEDIA ARTREX,290195,,ORTOSISTEMAS
DRILL ARTHREX COD.ODC-AR,283638,,ORTOSISTEMAS
 	DRILL PEQUEÑAS ARTICULACIONES ORTOSIST.,283766,,ORTOSISTEMAS
BANDEJA DE SEPARADORES CERVICALES (MA)   ,264784,,"ENDOSPINE, S.A."
BANDEJA DE SEPARADORES TUBULARES (MA)  ,266841,,"ENDOSPINE, S.A."
BANDEJA ENDOSCOPICA DE COLUMNA (ENDOSPINE /MEDICAL ADVANCES),266698,,"ENDOSPINE, S.A."
 	EQUIPO DE RADIOFRECUENCIA (ES)(MA),290375,,"ENDOSPINE, S.A."
 	DRILL NOUVAG PARA ENDOSCOPIA (MA),283736,,"ENDOSPINE, S.A."
BANDEJA DE BIPOLARES (BAYONETA) (ND) ,264792,,"NEURO DYNAMICS, S.A."
	BANDEJA DE INSTRUMENTOS PARA MICROCIRUGIA (ND),264794,,"NEURO DYNAMICS, S.A."
BANDEJA DE MICRODISCECTOMIA CERVICAL (ND),288823,,"NEURO DYNAMICS, S.A."
 BANDEJA DE RETRACTORES DE MULTIPLES VALVAS MARS (ND) ,264793,,"NEURO DYNAMICS, S.A."
BANDEJA DE SEPARADORES CERVICALES (ND)   ,264797,,"NEURO DYNAMICS, S.A."
BANDEJA DE SEPARADORES LUMBARES (ND),266514,,"NEURO DYNAMICS, S.A."
	BANDEJA LA TESSYS (ND) ,291745,,"NEURO DYNAMICS, S.A."
BANDEJA DE DISQUECTOMIA Y CURETAS CON PINZA DE ARO,979,,"NEURO DYNAMICS, S.A."
BANDEJA DE RETRACTORES (SEPARADORES) MARS,975,,"NEURO DYNAMICS, S.A."
	BANDEJA CERVICAL ANTERIOR C-1004 (OS),264796,,"ORTHOSPINE PANAMA, S.A"
BANDEJA DE BIPOLARES (BAYONETA) (ND),264792,,"ORTHOSPINE PANAMA, S.A"
BANDEJA DE BIPOLARES BAYONETA (OS),288736,,"ORTHOSPINE PANAMA, S.A"
	BANDEJA DE CRANEOTOMIA (OS),264761,,"ORTHOSPINE PANAMA, S.A"
BANDEJA DE GREENBERG RETRACTOR (OS),264759,,"ORTHOSPINE PANAMA, S.A"
BANDEJA DE KERRINSON,277052,,"ORTHOSPINE PANAMA, S.A"
BANDEJA DE KERRINSON Y BRUNNYN C-1005-5,290415,,"ORTHOSPINE PANAMA, S.A"
BANDEJA DE MICROCIRUGIA C-1006 (OS),264798,,"ORTHOSPINE PANAMA, S.A"
BANDEJA DE PINZAS Y SEPARADORES C-1008-1 (OS)  ,264795,,"ORTHOSPINE PANAMA, S.A"
BANDEJA DE RETRACTOR CERVICAL C-1005-0,278927,,"ORTHOSPINE PANAMA, S.A"
BANDEJA DE SEPARADORES (OS),291366,,"ORTHOSPINE PANAMA, S.A"
BANDEJA DE SEPARADORES Y LAMINAS # 3006-7 (EQUIPOS MEDICOSUIMEDIC) ,264778,,"ORTHOSPINE PANAMA, S.A"
	BANDEJA POSTERIOR CERVICAL C-1002 (OS) ,264757,,"ORTHOSPINE PANAMA, S.A"
BANDEJA QUIRURGICA CERVICAL CLOWARD C-1003-1 (OS),264780,,"ORTHOSPINE PANAMA, S.A"
BANDEJA TORACO LUMBAR (OS) ,264758,,"ORTHOSPINE PANAMA, S.A"
	BANDEJA TRANSFENOIDAL ,264760,,"ORTHOSPINE PANAMA, S.A"
BANDEJA TRANSFENOIDAL C-1000 (OS) ,265738,,"ORTHOSPINE PANAMA, S.A"
DISCOSCOPIO CERVICAL D-1003,264807,,"ORTHOSPINE PANAMA, S.A"
DISCOSCOPIO LUMBAR D-1003-01 (OS) ,264808,,"ORTHOSPINE PANAMA, S.A"
 RETRACTOR TUBULAR LUMBAR MAR3V D-1012 (OS),264801,,"ORTHOSPINE PANAMA, S.A"
 	DRILL MA SCARLET (MA),286859,,"ORTHOSPINE PANAMA, S.A"
DRILL MIDAS REX D-1005 (OS),264802,,"ORTHOSPINE PANAMA, S.A"
	BANDEJA DE SEPARADORES CERVICALES (MA),264784,,MEDICAL ADVANCES
BANDEJA DE SEPARADORES LUMBARES (MA) ,264785,,MEDICAL ADVANCES
 BANDEJA DE SEPARADORES TERRANOVA (MA),264786,,MEDICAL ADVANCES
BANDEJA DE SEPARADORES TUBULARES (MA),266841,,MEDICAL ADVANCES
	BANDEJA ENDOSCOPICA DE COLUMNA (ENDOSPINE /MEDICAL ADVANCES),266698,,MEDICAL ADVANCES
BANDEJA DE ENDOSCOPIA,2449,,MEDICAL ADVANCES
 BANDEJA RAVINE (MEDICAL ADVANCE) ,265084,,MEDICAL ADVANCES
BANDEJA DE LAMINOPLASTIA,775,,MEDICAL ADVANCES
EQUIPOS DE RADIOFRECUENCIA (ES)(MA) ,290375,,MEDICAL ADVANCES
BANDEJA PHANTOM,2093,,MEDICAL ADVANCES
DRILL MA SCARLET (MA),286859,,MEDICAL ADVANCES
DRILL NOUVAG PARA ENDOSCOPIA (MA),283736,,MEDICAL ADVANCES
DRILL REX MEDICOM (MA),265929,,MEDICAL ADVANCES
BANDEJA AUXILIAR PARA LAMINA (IOM),277161,,"IOM SYSTEMS, S.A."
BANDEJA AUXILIAR PARA LAPARASCOPIA (IOM SYSTEMS),264830,,"IOM SYSTEMS, S.A."
	BANDEJA DE SEPARADORES (IOM SYSTEMS),264828,,"IOM SYSTEMS, S.A."
DRILL ALTA VELOCIDAD,295966,,"IOM SYSTEMS, S.A."
BANDEJA DE BIPOLARES PS,296634,,"DETALLES QUIRURGICOS,S.A. (DEKI)"
BANDEJA DE KERRISON ROTADORES,296632,,"DETALLES QUIRURGICOS,S.A. (DEKI)"
BANDEJA DE MICROCIRUGIA AVANZADA (DEKI),296633,,"DETALLES QUIRURGICOS,S.A. (DEKI)"
BANDEJA DE RETRACTORES CCR,296631,,"DETALLES QUIRURGICOS,S.A. (DEKI)"
 	BANDEJA DE RETRACTORES LUMBARES ZELPI,296629,,"DETALLES QUIRURGICOS,S.A. (DEKI)"
 	BANDEJA DE RETRACTORES THOMPSON,296630,,"DETALLES QUIRURGICOS,S.A. (DEKI)"
 	BANDEJA DE SUCCIONES ATRAUMATICAS FUKUSHIMA,296669,,"DETALLES QUIRURGICOS,S.A. (DEKI)"
 	BANDEJA DE DISKO PS,295428,,"DETALLES QUIRURGICOS,S.A. (DEKI)"
BANDEJA DE RETRACTORES CCR,295227,,"DETALLES QUIRURGICOS,S.A. (DEKI)"
"DRILL DE ALTO RENDIMIENTO, ADEOR",296628,,"DETALLES QUIRURGICOS,S.A. (DEKI)"
BANDEJA HIPOFISIARIA TRANSFENOIDAL ,161,,EQUIPOS MEDICOS
BANDEJA DE LAMINA CON SEPARADORES #3006-7,132,,EQUIPOS MEDICOS
 	BANDEJA DE LAMINA CON KERRINSON,1854,,EQUIPOS MEDICOS
BANDEJA LAMINAS+SEPARADORES+MICRO TIJERA,157,,EQUIPOS MEDICOS
DRILL DE NEURO EM200 (EQUIMEDIC),265990,,EQUIPOS MEDICOS
 	BANDEJA DE NEUROENDOSCOPIA,764,,FINANZAS MEDICAS
BANDEJA DE LENTE ESPECIAL ENDOSCOPICO FM/PM,283757,,FINANZAS MEDICAS
BANDEJA DE NEUROENDOSCOPIA (FMSA),264770,,FINANZAS MEDICAS
BANDEJA DE NEUROENDOSCOPIA (PM),272315,,FINANZAS MEDICAS
BANDEJA DE NEUROENDOSCOPIA GAAB 6,273593,,FINANZAS MEDICAS
 	BANDEJA INSTRUMENTAL RESECCION DE TUMOR,1726,,FINANZAS MEDICAS
BANDEJA DE INSTRUMENTOS DE CIRUGIA MAXILOFACIAL,773,,REPRESENTACIONES KUSPID
BANDEJA QUIRURGICA + MICRODRILL ELECTRICO P/MAXILOFACIAL,265757/949,,REPRESENTACIONES KUSPID
BANDEJA COMPLETA DE SIERRA QUIRURGICA Y CUCHILLA # BSOR-2 (RK),267492,,REPRESENTACIONES KUSPID
BANDEJA COMPLETA DE SIERRA QUIRURGICA Y CUCHILLA # BSOR-2 (RK),268440,,REPRESENTACIONES KUSPID
BANDEJA DE ZEPHIR,953,,MEDITEK SERVICES
 	BANDEJA DE RETRACTORES QUADRANT (MT),264789,,MEDITEK SERVICES
 	BANDEJA LUZ DE ILUMINACION QUADRANT,265230,,MEDITEK SERVICES
BANDEJA DE ARTHROSCOPIA DE CADERA,943,,CENTRO ORTOPEDICO ESPECIALIZADO HB
 	BANDEJA PARA REEMPLAZO TOTAL DE CADERA LINK,1310,,CENTRO ORTOPEDICO ESPECIALIZADO HB
BANDEJA PARA PLACA TROCANTERICA,1313,,CENTRO ORTOPEDICO ESPECIALIZADO HB
 	BANDEJA DE CABLES PARA PLACAS,1314,,CENTRO ORTOPEDICO ESPECIALIZADO HB
BANDEJA DE RESCATES PARA REEMPLAZOS,1315,,CENTRO ORTOPEDICO ESPECIALIZADO HB
BANDEJA PARA INSTRUMENTACION DE COLUMNA,1054,,CENTRO ORTOPEDICO ESPECIALIZADO HB
 	BANDEJA P/ARTROSCOPIA DE CADERA + LENTE DE 70° - 50° + INSTRUMENTAL AGUJA Y GUIA DE LITIN,1139,,CENTRO ORTOPEDICO ESPECIALIZADO HB
BANDEJA DE PLACAS P/OSTEOTOMIA PUDU,954,,CENTRO ORTOPEDICO ESPECIALIZADO HB
 	BANDEJA DE REEMPLAZO TOTAL DE CADERA/RODILLA,1005,,CENTRO ORTOPEDICO ESPECIALIZADO HB
BANDEJA PARA RECONSTRUCCION DE LCA,1415,,CENTRO ORTOPEDICO ESPECIALIZADO HB
BANDEJA PARA PREPARACION DE INJERTO ,1416,,CENTRO ORTOPEDICO ESPECIALIZADO HB
BANDEJA MAYOR DE FIJADORES EXTERNOS,1531,,CENTRO ORTOPEDICO ESPECIALIZADO HB
BANDEJA DE PRECISION LCA,1676,,CENTRO ORTOPEDICO ESPECIALIZADO HB
BANDEJA DE TORNILLOS CANULADOS DE 3.0MM,1723,,CENTRO ORTOPEDICO ESPECIALIZADO HB
BANDEJA DE TORNILLOS CANULADOS DE 7.3MM,1430,,CENTRO ORTOPEDICO ESPECIALIZADO HB
 	BANDEJA DE PROTESIS DE HOMBRO,1889,,CENTRO ORTOPEDICO ESPECIALIZADO HB
BANDEJA DE PINZAS PARA ARTROSCOPIA DE CADERA,1896,,CENTRO ORTOPEDICO ESPECIALIZADO HB
 	BANDEJA DE CANULAS Y GUIAS PARA ARTROSCOPIA DE CADERA,1897,,CENTRO ORTOPEDICO ESPECIALIZADO HB
BANDEJA DE PREPARACION PARA CADERA /RODILLA,1908,,CENTRO ORTOPEDICO ESPECIALIZADO HB
BANDEJA DE COLOCACION DE PROTESIS DE CADERA /RODILLA,1909,,CENTRO ORTOPEDICO ESPECIALIZADO HB
BANDEJA DE SEPARADORES,1960,,CENTRO ORTOPEDICO ESPECIALIZADO HB
 	BANDEJA COLOCACIÓN Y PREPARACIÓN DE PRÓTESIS ANATÓMICA DE HOMBRO,1984,,CENTRO ORTOPEDICO ESPECIALIZADO HB
BANDEJA PARA PROTESIS BIPOLAR,1777,,CENTRO ORTOPEDICO ESPECIALIZADO HB
 	BANDEJA GEMINUS P/ PLACA ANATOMICA,2451,,CENTRO ORTOPEDICO ESPECIALIZADO HB
 	BANDEJA DE EXTRACCIÓN DE CLAVO UNIVERSAL,2483,,CENTRO ORTOPEDICO ESPECIALIZADO HB
BANDEJA DE REDUCCION CO-LINEAL,2534,,CENTRO ORTOPEDICO ESPECIALIZADO HB
BANDEJA PARA CLAVO EXPERT,2535,,CENTRO ORTOPEDICO ESPECIALIZADO HB
BANDEJA DE ÓPTICA PARA ARTROSCOPIA DE CADERA,1898,,CENTRO ORTOPEDICO ESPECIALIZADO HB
BANDEJA DE COLOCACION DE PROTESIS DE HOMBRO,1015,,CENTRO ORTOPEDICO ESPECIALIZADO HB
BANDEJA DE CERCLAJE DE ROTULA,268549,,CENTRO ORTOPEDICO ESPECIALIZADO HB
BANDEJA DE REEMPLAZO TOTAL DE HOMBRO,269036,,CENTRO ORTOPEDICO ESPECIALIZADO HB
BANDEJA DE REVISION DE PROTESIS,293230,,CENTRO ORTOPEDICO ESPECIALIZADO HB
BANDEJA PARA RTC,270918,,CENTRO ORTOPEDICO ESPECIALIZADO HB
BANDEJA DE ADAPTADOR HUMERAL +0MM,258685,,CENTRO ORTOPEDICO ESPECIALIZADO HB
BANDEJA DE FIJACION DE CADERA CON CLAVO INTRAMEDULAR,2417,,CENTRO ORTOPEDICO ESPECIALIZADO HB
DRILL Y SIERRA DE REEMPLAZO SYNTHES (COEHB),282276,,CENTRO ORTOPEDICO ESPECIALIZADO HB
DRILL PARA BROCA DE COEHB,266702,,CENTRO ORTOPEDICO ESPECIALIZADO HB
BANDEJA DE LIGAMENTO CRUZADO,1505,,INVERSORA MMP
 	BANDEJA DE INSTRUMENTAL LCA APERFIX,912,,INVERSORA MMP
BANDEJA HBS HEADLESS BONE SCREW,1620,,INVERSORA MMP
 	BANDEJA DE INSTRUMENTAL DE HOMBRO,2043,,INVERSORA MMP
BANDEJA INSTRUMENTAL TOGGELOC,1778,,INVERSORA MMP
BANDEJA DE PEQUEÑOS FRAGMENTOS BPF,1870,,INVERSORA MMP
BANDEJA INSTRUMENTAL METACARPO,2272,,INVERSORA MMP
 	BANDEJA DE ARTROSCOPIA,2289,,INVERSORA MMP
 	BANDEJA DE MICROFACTURA,2300,,INVERSORA MMP
BANDEJA MAX VPC,2434,,INVERSORA MMP
BANDEJA COMPLEMENTARIA,2454,,INVERSORA MMP
BANDEJA DE MANO DVR,2448,,INVERSORA MMP
BANDEJA ENDOSCOPICA NASAL,2455,,INVERSORA MMP
 	BANDEJA DE SEPARADORES Y EXTRACTORES DE MANO Y PIE,2541,,INVERSORA MMP
BANDEJA INSTRUMENTAL DE MICROFRACTURAS,1281,,INVERSORA MMP
BANDEJA QUATTRO PARA ORTOPEDIA,2054,,INVERSORA MMP
 	BANDEJA INSTRUMENTAL ZIPTIGHT AC,2456,,INVERSORA MMP
BANDEJA DE COLOCACION DE PROTESIS DE HOMBRO,284649,,INVERSORA MMP
 	BANDEJA DE RADIO DISTAL DVR,290946,,INVERSORA MMP
BANDEJA LCA APERFIX,264769,,INVERSORA MMP
 	BANDEJA SERPENT # SERP-II,264926,,INVERSORA MMP
BANDEJA SILICONE FINGER,294242,,INVERSORA MMP
 	BANDEJA TOGGLELOC #BTOGGL,274480,,INVERSORA MMP
 	DRILL ELECTRICO PARA ORTOPEDIA (MMP),288184,,INVERSORA MMP
 	DRILL ELECTRICO PARA ORTOPEDIA MMP,285222,,INVERSORA MMP
 	BANDEJA DE SEPARADORES DE CADERA Y RODILLA,2324,,INNOVA
 	BANDEJA DE REVISION DE PROTESIS,2325,,INNOVA
BANDEJA DE ARTROSCOPIA DE HOMBRO,2037,,INNOVA
BANDEJA DE PASADORES DE SUTURA,2073,,INNOVA
BANDEJA DE REVISION DE PROTESIS,2416,,INNOVA
 	BANDEJA DE SEPARADORES DE CADERA Y RODILLA + SEPARADOR DE CHARNLEY,2424,,INNOVA
DRILL DE PEQUEÑOS ARTICULACIONES,284348,,INNOVA
BANDEJA DE MICROCIRUGIA,2046,,LEVELMED
BANDEJA DE MICROPINZAS BIPOLARES PARA CIRUGIA DE CEREBRO,2060,,LEVELMED
 	BANDEJA DE SUCCIONES FUKUSHIMA,2250,,LEVELMED
 	BANDEJA DE ENDOBIPOLARES ,2310,,LEVELMED
BANDEJA DE SET DE CLEANWAVE BLACK KERRISON MIS,2278,,LEVELMED
 	BANDEJA DE SET DE MICROBIPOLARES SUTTER ,2413,,LEVELMED
BANDEJA DE ACCESO ENDONASAL ENT/NEURO,2479,,LEVELMED
BANDEJA CERVICAL PHAMTON CS,2481,,LEVELMED
BANDEJA UNIVERSAL PARA RETIRO DE TORNILLO,2542,,LEVELMED
 	BANDEJA DE MICROCIRUGÍA AVANZADA,1988,,LEVELMED
BANDEJA DE RETRACTORES TUBULARES LUMBAR,2087,,LEVELMED
BANDEJA DE PINZAS BIPOLARES + KERRISON INSTRUMENTOS VARIOS ,2098,,LEVELMED
BANDEJA DE CIRUGIA DE BASE DE CRANEO E HIPOFISIS,2309,,LEVELMED
BANDEJA KLS MARTIN PARA COLUMNA (LM) # 55-805-28-01,276839,,LEVELMED
BANDEJA DE HOMBRO / RODILLA,1747,,BIOART
BANDEJA DE LIGAMENTO CRUZADO,2498,,BIOART
BANDEJA DE RADIO DISTAL SYSTEM DVR,1770,,
DRILL PARA ORTOPEDIA REF.PRO2640,297090,,BIOART
BANDEJA DE MICROMOTOR MAXILO-FACIAL,1809,,CENTRO QUIRÚRGICO FACIAL
BANDEJA QUIRURGICA,1179,,CENTRO QUIRURGICO FACIAL
 	BANDEJA DE CLIPAJE DE ANEURISMA MIZUHO B12,1885,,"INSUMOS, SERVICIOS Y ASESORES MEDICOS"
BANDEJA CIRUGÍA ENDOSCÓPICA Y MICROQUIRÚRGICA DE BASE DE CRANEO,279821/1925,,"INSUMOS, SERVICIOS Y ASESORES MEDICOS"
BANDEJA DE SEPARADOR DE FOSA POSTERIOR CON RETRACTOR CEREBELAR,1926,,"INSUMOS, SERVICIOS Y ASESORES MEDICOS"
BANDEJA DE MICROCIRUGÍA AVANZADA,1993,,"INSUMOS, SERVICIOS Y ASESORES MEDICOS"
BANDEJA DE SEPARADORES CERVICALES RADIOLUCENTES,2000,,"INSUMOS, SERVICIOS Y ASESORES MEDICOS"
 	BANDEJA DE SONDA DE RADIOFRECUENCIA CALIENTE ALV-B7,2433,,"INSUMOS, SERVICIOS Y ASESORES MEDICOS"
BANDEJA DE KERRINSON LARGOS,2014,,"INSUMOS, SERVICIOS Y ASESORES MEDICOS"
BANDEJA COMPLETA DE CIRUGIA ENDOSCOPICA Y MICROCIRUGIA PARA BASE DE CRANEO ,2414,,"INSUMOS, SERVICIOS Y ASESORES MEDICOS"
BANDEJA COMPLETA ENDOSCOPICA Y MICROCIRUGIA DE BASE DE CRANEO B4,1884,,"INSUMOS, SERVICIOS Y ASESORES MEDICOS"
BANDEJA SEPARADORES LUMBO-TORÁCICA,1949,,"INSUMOS, SERVICIOS Y ASESORES MEDICOS"
BANDEJA DE MICROCIRUGIA,280918,,"INSUMOS, SERVICIOS Y ASESORES MEDICOS"
BANDEJA DE LAMIDAY,1931,,MEDICAL SUPPLY
BANDEJA ESPECIAL DE TRAUMA,2108,,ARTROCADERA
BANDEJA DE INSTRUMENTAL AVANZADO PARA ARTROSCOPIA DE CADERA (ARPA),1145,,ARTROCADERA
BANDEJA DE CASPAR CON SEPARADORES VALVA,2275,,MEDICMEL
BANDEJA AUXILIAR DE COLUMNA CON BIPOLARES Y FUENTE DE LUZ,2411,,MEDICMEL
 	BANDEJA DE REDUCCION DE PEQUEÑOS FRAGMENTOS,289225/2281,,TECNOR
BANDEJA DE REDUCCION DE GRANDES FRAGMENTOS,289226/2282,,TECNOR
BANDEJA DE PIE Y TOBILLO PEQUEÑOS FRAGMENTOS,2304,,TECNOR
BANDEJA DE HOMBRO,290154/2320,,TECNOR
BANDEJA SUPRAPATELAR,2321,,TECNOR
BANDEJA DE INSTRUMENTOS ESPECIALES PARA ORTOPEDIA,290157/2322,,TECNOR
BANDEJA DE RETIRO TENS,2405,,TECNOR
 	BANDEJA DE COLOCACION DE CLAVOS TENS,293113,,TECNOR
BANDEJA DE EXTRACCION,294994,,TECNOR
BANDEJA DE IMPACTADORES Y PINZAS DE REDUCCION,288273,,TECNOR
BANDEJA DE PINZAS COLINEAL ,290156,,TECNOR
BANDEJA DE PINZA DE REDUCCION,295624/295021,,TECNOR
BANDEJA SISTEMA SUPRA-PATELAR,296724,,TECNOR
BANDEJA DE MICROFRESAS,297484,,TECNOR
 	BANDEJA DE PEQUEÑOS FRAGMENTOS,289986,,TECNOR
DRILL TRIPLE-C / TENOR (AR),288467,,TECNOR
DRILL ARTROMEDIC (AR/TC),290127,,TECNOR
MICRO DRILL (AR/TC),290128,,TECNOR
 	SIERRA DE CUCHILLA REUSABLE ART/TEC/TRIPLE,290654,,TECNOR
SIERRA OSCILANTE (AR/TC),290129,,TECNOR
POSICIONADOR DE ORTOPEDIA TEC/TQ,290158,,TECNOR
BANDEJA DE GRANDES FRAGMENTOS,2418,,"D'ORTHOMEDIC, S.A."
DRILL ORTOPEDICO DYNAMEDIC (PTY),264812,,"D'ORTHOMEDIC, S.A."
DRILL STRAYKER (PTY),291254,,"D'ORTHOMEDIC, S.A."
BANDEJA PEDINAIL,2478,,EUROCIENCIAS
BANDEJA DE VIDEO TORASCOPIA,977,,MEDICAL INNOVATIONS AND ADVANCES
 	BANDEJA DE MICROCIRUGIA DE CARDIO,1033,,MEDICAL INNOVATIONS AND ADVANCES
 	BANDEJA MINIAORTICA,1433,,MEDICAL INNOVATIONS AND ADVANCES
 	BANDEJA MITRAL MEDICAL INNOVATION,1543,,MEDICAL INNOVATIONS AND ADVANCES
BANDEJA DE BRAZO ATRIAL,1545,,MEDICAL INNOVATIONS AND ADVANCES
BANDEJA DE AORTA / REEMPLAZO VALVULAR,1558,,MEDICAL INNOVATIONS AND ADVANCES
BANDEJA DE LAMINOPLASTIA (MI),264768,,MEDICAL INNOVATIONS AND ADVANCES
BANDEJA DE MICROCIRUGIA CORONARIA Y VASCULAR PERIFERICO (MI),264788,,MEDICAL INNOVATIONS AND ADVANCES
 	BANDEJA DE HOMBRO,2391,,SUMINISTROS ORTOPEDICOS
BANDEJA DE HUMERO PROXIMAL,2420,,SUMINISTROS ORTOPEDICOS
BANDEJA DE RADIO DISTAL,289448,,SUMINISTROS ORTOPEDICOS
BANDEJA DE ARTROSCOPIA,290513,,SUMINISTROS ORTOPEDICOS
BANDEJA DE FIJACION DE CADERA CON CLAVO INTRAMEDULAR,291635,,SUMINISTROS ORTOPEDICOS
 	BANDEJA DE FRACTURA DE TOBILLO,294496,,SUMINISTROS ORTOPEDICOS
BANDEJA DE TORNILLO CANULADO,294992,,SUMINISTROS ORTOPEDICOS
BANDEJA DE CLAVICULA,295706,,SUMINISTROS ORTOPEDICOS
BANDEJA DE SISTEMA DE PLACA PERCUTANEA PARA COMPRESION DE FRACTURAS,270589,,SUMINISTROS ORTOPEDICOS
BANDEJA DE BIPOLARES NEUROQUIRURGICO (NP),286951,,"NEUROPAIN SOLUTIONS, S.A."
BANDEJA DE MICROBIPOLARES,294883,,"NEUROPAIN SOLUTIONS, S.A."
BANDEJA DE NEUROCIRUGIA PARA MINIMA INVASION ESPINAL Y CRANEA (NP),287702,,"NEUROPAIN SOLUTIONS, S.A."
BANDEJA DE SEPARADOR LUMBAR MIS ML3 TIPO PHANTOM,294950,,"NEUROPAIN SOLUTIONS, S.A."
BANDEJA DE SEPARADORES CERVICALES PHANTOM,294884,,"NEUROPAIN SOLUTIONS, S.A."
BANDEJA DE SUCCIONES ATRAUMATICAS PARA MICROCIRUGIA (NP),287703,,"NEUROPAIN SOLUTIONS, S.A."
DRILL PARA PROCEDIMIENTOS NEUROLOGICOS (NP),288501,,"NEUROPAIN SOLUTIONS, S.A."
BANDEJA DE SONISISION,2682,,MEDTRONIC
BANDEJA DE NEUROENDOSCOPIA / BASE DE CRANEO,1704,,PROMOCION MEDICA
BANDEJA DE COLUMNA PARA RETRACTOR MAXCESS III / MAXCESS IV,1223,,PROMOCION MEDICA
BANDEJA DE LENTE ESPECIAL ENDOSCOPICO FM/PM,283757/2015,,PROMOCION MEDICA
BANDEJA DE RETRACTOR/SEPARADOR CERVICAL MAXCESS - C (PROM),264868,,PROMOCION MEDICA
BANDEJA DE COLUMNA PARA CIRUGIA MINIMO INVASIVA MAXCESSIII,264762,,PROMOCION MEDICA
BANDEJA DE NEUROENDOSCOPIA,272315,,PROMOCION MEDICA
BANDEJA DE NEUROENDOSCOPIO,294649,,PROMOCION MEDICA
BANDEJA DE PLACA CERVICAL C,267508/1422,,PROMOCION MEDICA
BANDEJA DE PLACAS CERVICALES HELIX ,264867/1251,,PROMOCION MEDICA
 	DRILL MICRODEBRIDADOR SHAVER OTORRINO CIRUGIA TRANSFENOIDAL (PM),290189,,PROMOCION MEDICA
BANDEJA CAPSTONE,267162,,HMC
BANDEJA DE INSTRUMENTOS STRATOS-STRACOS,289888,,GAMTA
 	BANDEJA DE MICROCIRUGIA AVANZADA DE BASE DE CRANEO,294797,,A.M.
 	BANDEJA DE RETRACTOR CERVICAL,266846,,IS
 	BANDEJA DE RETRACTORES Y PINZAS BIPOLARES,291499,,EP
 	BANDEJA DE SEPARADORES Y LAMINAS # 3006-7,264778,,EQUIMEDIC
 	BANDEJA DE SEPARADORES DE ALIF REF. MAALQSEPALIF,297988,,"SURGICAL TECHNOLOGY, S.A."
,,,EDM
