Column3,Column4,Column5
AGUJA DE PUNCION,2672.0,2.3.1
ALICATE,,3.1.1
AMIGDALOTOMO RECTO,,
BAJA NUDO LAPAROSCOPICO,2705.0,2.2.1
BAYONETA CON DIENTE,,
BAYONETA OLEGRA,,
BISTURI ESTERNAL,,
BROCAS DE TREPANO MANUAL,,
BULLDOG CLAMP,1187.0,3.4.3
CABLE BIPOLAR,175.0,1.5.1
CABLE BIPOLAR ROBI,,
CABLE DE ELECTROCAUTERIO DE COAGULACION,766.0,2.1.1
CABLE MONOPOLAR,2707.0,1.5.1
CANULA ,,
CISTOSCOPIO RIGIDO LASER Nº 22,217.0,3.4.0
CISTOSCOPIO RIGIDO Nº 17,215.0,3.4.0
CISTOSCOPIO RIGIDO Nº 22,2706.0,3.4.0
CISTOSCOPIO RIGIDO Nº 25,2708.0,3.4.0
CLAMP TOWEL,,
CLAMP VASCULAR PEDIATRICO,,
CUCHILLA,,3.1.1
CURETA DE HUESOS,2709.0,3.1.1
CURETA NOVA,2710.0,2.2.1
CURETAS UTERINAS,2711.0,2.2.1
DESFIBRILADORES INTERNOS,,3.2.1
DESPERIOSTIZADOR,2712.0,3.1.1
DESTORNILLADOR DE MADERA HEXAGONAL,1872.0,3.1.1
DILATADOR GREENWAL,2713.0,2.1.1
DILATADORES ANALES,2714.0,1.5.1
DILATADORES HEGAR,2715.0,2.2.1
DILATADORES LATERALES,2717.0,
DISECTOR FREER,,1.4.1
DISECTOR SMITHWICK,,
DRILLES MANUALES,,3.1.1
ELEVADOR FREER,,
ELEVADOR MATSON,,
ENDARTEROTOMO,,
ENDEREZADOR DE NARIZ,,
ESCALERILLA,2718.0,3.2.1
ESPECULO ANAL,2719.0,1.5.1
ESPÉCULO ANAL 3 VALVAS,,
ESPECULO NASAL,2720.0,2.4.1
ESPECULOS REVESTIDOS,2721.0,2.2.1
ESPEJOS LARINGEOS,2722.0,2.4.1
EVACUADOR DE HELLIX,2723.0,
FIBRA PARA FUENTE DE LUZ BIOART,,1.5.1
FIBRA PARA FUENTE DE LUZ STORZ,2725.0,1.5.1
FIBRA DE LUZ PARA FUENTE DE  VISIONSENSE,2724.0,
FLEVOEXTRACTOR,2726.0,3.2.1
FORZE L,,
FORZE R,,
GANCHITO DOBLE ROMMO,,
GANCHITOS DE PIEL DOBLE,,1.4.1
GANCHITOS DE PIEL ROMO,,1.4.1
GANCHITOS DE PIEL ROMO DOBLE,,
GANCHITOS DE PIEL SENCILLOS,,1.4.1
GANCHITOS DE TRAQUEA,,
GANCHO DE HUESO,,3.1.1
GANCHO DE HUESO,,
GANCHO LAPAROSCOPICO DE 5 MM,2727.0,2.3.1
GANHITO DOBLE,,
HISTEROMETRO,2728.0,2.2.1
JARRAS DE MEDIR,2729.0,1.1.1
JERINGUILLA TOOMEY 50CC,1810.0,2.1.1
LIGADOR DE HEMORRIODES,969.0,1.5.1
LLAVE DE PRESION,,
MANDRIL,405.0,2.1.1
MANGO DE BISTURI BEAVER,2735.0,1.4.1
MANGO DE BISTURI REDONDO,2736.0,1.4.1
MANGOS  DE PINZA LAPAROSCOPICA CON CREMALLERA,,
MANGOS  DE PINZA LAPAROSCOPICA ROBEY CON CREMALLERA,,
MANGOS DE BISTURI CORTO Nº3,2738.0,1.4.1
MANGOS DE BISTURI CORTO Nº4,2739.0,1.4.1
MANGOS DE BISTURI CORTO Nº7,2740.0,1.4.1
MANGOS DE BISTURI LARGO Nº3,2737.0,1.4.1
MANGOS DE BISTURI LARGO Nº4,2741.0,1.4.1
MANIPULADOR UTERINO,2742.0,2.2.1
MARTILLO,2744.0,3.1.1
MARTILLO GRANDE,,3.1.1
MINI DESPEREOTIZADOR,,3.1.1
PAD IMANADO DE SILICONA,2745.0,1.1.1
PALPADOR,,3.1.1
PALPADOR,,
PALPADOR DE NERVIO,,
PASA NUDO,2746.0,
PENFIEL 01,,
PENFIEL 02,,
PINES CRANEALES (3),2747.0,3.4.3
PINZA ALLICE,,1.4.1
PINZA ALLICE ATRAUMATICAS INTESTINAL,,1.4.1
PINZA ALLICE CON DIENTE CURVA,,1.4.1
PINZA ALLICE CON DIENTE RECTA,,1.4.1
PINZA ALLIS CURVA,,
PINZA ALLIS RECTA,,
PINZA BIPOLAR LAPAROSCOPICA,323.0,2.3.1
PINZA BOCOUP,,
PINZA BOCOUP,,
PINZA BOZEMAN,,2.2.1
PINZA LAPAROSCOPIACA PARA BULLDOG,2751.0,2.3.1
PINZA CLAN DE AORTA,,
PINZA CLAN VASCULAR PEDIATRICO,,3.2.1
PINZA DE BIOPSIA RECTAL,2752.0,1.5.1
PINZA DE CAMPO,,1.4.1
PINZA DE CLAMP CURVO,,
PINZA DE CLAMP RECTA,,
PINZA DE CLIP FILSHIE,,
PINZA DE DISECCION ADSON  BROWN,,1.4.1
PINZA DE DISECCION ADSON  BROWN,,
PINZA DE DISECCION ADSON  CON DIENTE,,
PINZA DE DISECCION ADSON  CON DIENTE,,
PINZA DE DISECCION ADSON  CON DIENTE,,
PINZA DE DISECCION ADSON  SIN DIENTE,,
PINZA DE DISECCION ADSON  SIN DIENTE,,
PINZA DE DISECCION ADSON  SIN DIENTE,,
PINZA DE DISECCION ADSON BROWN CURVO,,
PINZA DE DISECCION ADSON BROWN DE TITANEO,,
PINZA DE DISECCION ATAURY ANGULADA,,
PINZA DE DISECCION ATRAUMATICA ANGULADA,,
PINZA DE DISECCION BAYONETA,,1.4.1
PINZA DE DISECCION BAYONETA,,
PINZA DE DISECCION BAYONETA SIN DIENTE,,
PINZA DE DISECCION CON DIENTES,,1.4.1
PINZA DE DISECCION CON DIENTES,,
PINZA DE DISECCION DE OJAL,,1.4.1
PINZA DE DISECCION DE OJAL,,
PINZA DE DISECCION GRIM,,
PINZA DE DISECCION REVESTIDA CON DIENTE,,1.4.1
PINZA DE DISECCION REVESTIDA CON DIENTE,,
PINZA DE DISECCION REVESTIDA SIN DIENTE,,
PINZA DE DISECCION REVESTIDA SIN DIENTE,,
PINZA DE DISECCION RUSSO,,1.4.1
PINZA DE DISECCION SIN DIENTES,,
PINZA DE DISECCION SIN DIENTES,,
PINZA DE DISECCION SINGLE TUTEL,,1.4.1
PINZA DE DISECCION TICHU RUSSO,,
PINZA DE DISECCION TICHU RUSSO,,
PINZA LAPAROSCOPICA DE HEM-O-LOCK DORADA,2748.0,2.3.1
PINZA LAPAROSCOPICA DE HEM-O-LOCK VERDE,2749.0,2.3.1
PINZA LAPAROSCOPICA DE HEM-O-LOCK MORADA,402.0,2.3.1
PINZA DE REDUCCION,,3.1.1
PINZA DE REDUCCION,,
PINZA DISECCION ATAURY,,
PINZA GEANEI CURVA,,
PINZA HEMOSTATICA,,1.4.1
PINZA HEMOSTATICA CURVA,,
PINZA HEMOSTATICA CURVA,,
PINZA HEMOSTATICA CURVA,,
PINZA HEMOSTATICA KELLY CURVA,,1.4.1
PINZA HEMOSTATICA KELLY RECTA,,
PINZA HEMOSTATICA LEAGI,,1.4.1
PINZA HEMOSTATICA LEAGI,,
PINZA HEMOSTATICA MICROMOSQUITO,,
PINZA HEMOSTATICA RECTA,,
PINZA HEMOSTATICA RECTA,,1.4.1
PINZA HEMOSTATICA RECTA,,
PINZA HEMOSTATICA TONSILA,,1.4.1
PINZA HEMOSTATICA TONSILA,,
PINZA LAPAROSCOPICA GRASPER DE 5 MM (DIENTE DE RATON) ,2750.0,2.2.1
PINZA METZENBAU CURVA,,1.4.1
PINZA METZENBAU RECTA,,
PINZA MOSQUITO,,
PINZA MOSQUITO CON DIENTE RECTA,,
PINZA OCHSNER RECTA,,1.4.1
PINZA OSCHNER,,
PINZA OSCHNER CURVA,,
PINZA OSHNER CURVA,,1.4.1
PINZA OSHNER RECTA,,
PINZA PENINGTON,,1.4.1
PINZA PENINGTON,,
PINZA RATON,,2.2.1
PINZA SAROT,,
PINZA TONSILA,,1.4.1
PINZAS ALDEHAIR (8),124.0,1.5.1
PINZAS BABCOCK,,1.4.1
PINZAS CLANES CURVO,,
PINZAS CLANES RECTO,,
PINZAS DANDY,,
PINZAS DE CAMPO,,1.4.1
PINZAS DE CLANES INTESTINALES,,
PINZAS DE DISECCION CON DIENTE,,1.4.1
PINZAS DE DISECCION REVESTIDA CON DIENTE,,1.4.1
PINZAS DE DISECCION REVESTIDA SIN DIENTE,,1.4.1
PINZAS DE DISECCION SIN DIENTE,,1.4.1
PINZAS DE TUBO,,3.2.1
PINZAS DE TUBO,,
PINZAS DE TUBO,,
PINZAS LAHEY,,1.4.1
PINZAS PENINGTON,,
PLANCHA/PAD DE SILICON,,
PLANCHA/PAD DE SILICON,,
POCILLO,2753.0,1.1.1
PORTA AGUJA,,1.4.1
PORTA AGUJA  LAPAROSCOPICO DE 5 MM MANGO CURVO,2754.0,2.2.1
PORTA AGUJA  LAPAROSCOPICO DE 5 MM MANGO RECTO,326.0,2.2.1
PORTA AGUJA LAPAROSCOPICO DE 5 MM MANGO CURVO BARIATRICO ,2755.0,2.3.1
PORTA AGUJA LAPAROSCOPICO DE 5 MM MANGO RECTO BARIATRICO ,2756.0,2.3.1
PORTA AGUJAS,,2.2.1
PORTA AGUJAS,,2.2.1
PORTA AGUJAS CASTRO VIEJO,,
PORTA AGUJAS CASTROVIEJO,,
PORTA AGUJAS CURVO,,2.2.1
PORTA AGUJAS MANGO DORADO,,2.2.1
PORTA ESPONJAS RECTO CON DIENTES,2757.0,1.4.1
PORTA ESPONJAS CURVO,2849.0,
PORTA ESPONJAS RECTO SIN DIENTES,2758.0,
PROTECTORES DE SIGNIA,2759.0,1.5.1
RASPA DOBLE,,3.1.1
RASPA DOBLE,,
RECTO SIGMOIDOSCOPIO,367.0,1.4.2
REGLA DE 15,,3.2.1
REGLA DE 15,,
REGLA METALICA 1,2761.0,
REGLA METALICA 2,2761.0,
REGLA METALICA 3,2761.0,
RETRACTOR CON FUENTE DE LUZ CON DIENTE,101.0,3.2.1
RETRACTOR GARDNER,2763.0,3.2.1
RETRACTOR MILLIN,,
RETRACTOR TRAQUEAL ROSE,,
RIÑONERA,403.0,1.1.1
RONGER,,3.1.1
RONGER,,
SEPARADOR ABDOMINAL COLLIN,2764.0,1.5.1
SEPARADOR BABY DEAVER,2765.0,1.5.1
SEPARADOR BRINSQUI,,
SEPARADOR DE 2 GARRAS,,
SEPARADOR DE 2 GARRAS,,
SEPARADOR DE 4 GARRAS,,3.1.1
SEPARADOR DE 4 GARRAS,,
SEPARADOR DE DURAMADRE,,
SEPARADOR DE RAIZ,,
SEPARADOR DE TORAX,,
SEPARADOR DE TORAX,,
SEPARADOR DEAVER,,1.5.1
SEPARADOR DOYEN,,
SEPARADOR DOYEN,,
SEPARADOR GOLD FINGER,2766.0,
SEPARADOR GOODEL,2834.0,
SEPARADOR HARRINTONG ,2767.0,1.5.1
SEPARADOR LANGER BECK,,
SEPARADOR LOWMAN,,
SEPARADOR LOWMAN,,
SEPARADOR MALEABLE,2768.0,3.2.1
"SEPARADOR MAYO # 8""",,
SEPARADOR MCKENTTY,,
SEPARADOR RICHARDSON DOBLE,2769.0,1.5.1
SEPARADOR RICHARDSON SENCILLO,2770.0,1.5.1
SEPARADOR SEM,,1.4.1
SEPARADOR SEM,,
SEPARADOR SEM MILLER CORTANTE,2833.0,
SEPARADOR SEM MILLER ROMO,2772.0,1.4.1
SEPARADOR SULIVAN O CONOR,2773.0,2.2.1
SEPARADORES COOB,,
SEPARADORES DE 2 GARRITAS ROMO,,
SEPARADORES DE 2 GARRITAS ROMO,,
SEPARADORES DE 4 GARRAS,,
SEPARADORES DE 4 GARRAS,,
SEPARADORES DE 4 GARRAS AGUDA,,
SEPARADORES DE 4 GARRAS AGUDA,,
SEPARADORES DE AGUJOS DE 2 GARRITAS,,
SEPARADORES DE AGUJOS DE 4 GARRITAS,,
SEPARADORES GREEN,,
SEPARADORES MAYO,,
SEPARADORES RAGNEL 1,2774.0,
SEPARADORES RAGNEL 2,2774.0,
SEPARADORES SIM SENCILLO / VALVA DE SIM 18 CM,2776.0,2.2.1
SEPARADORES SIM SENCILLO / VALVA DE SIM 21 CM ,,
SET DE DILATADORES HANK CON TOPE (6 UNIDADES) 1,2777.0,2.2.1
SET DE DILATADORES HANK CON TOPE (6 UNIDADES) 2,2777.0,
SET DE SEPARADORES MALEABLES,2850.0,3.2.1
SET DE OSTEOTOMOS (6 UND) 1,1181.0,
SET DE OSTEOTOMOS (6 UND) 2,1181.0,
SET DE RETRACTORES MITRALES (4 UND),,3.2.1
SET SEPARADOR LANGERBEAR (2),,
SISTEMA RUMMI II,372.0,2.2.1
SOSTENEDOR DE OIDO,2778.0,2.4.1
SOSTENEDOR DE PENE,2779.0,2.1.1
SUCCION FRASIER,,1.4.1
SUCCION FRASIER,,
SUCCION FRAZIER,,
SUCCION GANCHO PARA TRAQUEA,,
SUCCION GANCHO PARA TRAQUEA,,
SUCCIÓN POLL,,1.5.1
SUCCION RECTAL,2781.0,1.5.1
SUCCION YANKAUER,,
SUCCION YANKAUER,,
TENÁCULO,2782.0,2.2.1
TENACULO  LAPAROSCOPICO DE 5 MM,2783.0,2.3.1
TENACULO  LAPAROSCOPICO DE10 MM,2784.0,
TENACULO DOBLE,2785.0,
TENACULO RESVESTIDO,2786.0,2.2.1
TENACULUM DOBLE (TENACULOS),,
TENACULUM SENCILLO (TENACULOS),,
TICHU DE TITANIO,,
TICHU DE TITANIO DE OJAL,,
TIJERA BAYONETA,,
TIJERA CASTROVIEJO ANGULADA,,
TIJERA CASTROVIEJO CURVA,,
TIJERA CASTROVIEJO RECTA,,
TIJERA DE ALMBRE,,3.1.1
TIJERA DE CORTE DE PUNTO,,
TIJERA DE GASA,,1.4.1
TIJERA DE GASAS,,
TIJERA DE MAYO CURVA,,1.4.1
TIJERA IRIS CURVA,,
TIJERA IRIS CURVA,,
TIJERA IRIS RECTA,,
TIJERA IRIS RECTA ,,
TIJERA MAYO,,1.4.1
TIJERA MAYO CURVA,,1.4.1
TIJERA MAYO CURVA,,
TIJERA METZEMBAUM CURVA,,1.4.1
TIJERA METZEMBAUM RECTA,,
TIJERA MICROPO,,
TIJERA POOT,,
TIJERA POTS VASCULAR,,
TIJERA STEVENS RECTA,,
TIJERA STEVENS RECTA,,
TIJERA TORET,,2.2.1
TIJERA UMBILICAL 1,2787.0,1.4.1
TIJERA UMBILICAL 2,2787.0,
TREPANO MANUAL,,
TUBERIA PARA CO2,1943.0,1.5.1
TUBERIA REUSABLE PARA ENDOMAT,2788.0,1.5.1
TUBO DE ASPIRACION DE BOLITA,,2.4.1
TUNELIZADOR,,
TUNELIZADOR,,
SEPARADORES SIM DOBLE / VALVA DE SIM  ,,
VALVA INNOMED,,
VALVAS DE PESO,,2.2.1
VALVAS POSTERIORES,,
VASTAGO DE SIGNIA L,2611.0,1.5.1
VASTAGO DE SIGNIA M,2789.0,1.5.1
VASTAGO DE SIGNIA S,2790.0,
SEPARADORES AUTOMATICOS WEITLANER PEQUEÑO,2830.0,3.1.1
SEPARADORES AUTOMATICOS WEITLANER MEDIANO,2831.0,3.1.1
SEPARADORES AUTOMATICOS WEITLANER GRANDE,2832.0,3.1.1
PUENTE LARGO DE ALBARRAN,2760.0,3.4.0
RETRACTOR CON FUENTE DE LUZ SIN DIENTE,2762.0,3.2.1
SEPARADOR SCOTT,2771.0,2.1.1
SET DE SONDA FILIFORME,2780.0,2.1.1
TENÁCULO  LAPAROSCOPICO DE 10 MM,2784.0,
